﻿<?xml version="1.0" encoding="UTF-8" ?>
<!-- Filen illustrerer eksempel 7 i Element- og transaktionseksempler -->
<report>
  <rentity_id>1</rentity_id>
  <submission_code>E</submission_code>
  <report_code>STR</report_code>
  <entity_reference>Eksempel 7</entity_reference>
  <submission_date>2014-02-24T00:00:00</submission_date>
  <currency_code_local>DKK</currency_code_local>
<reporting_person>
  <first_name>Jens</first_name>
  <last_name>Jensen</last_name>
<phones>
<phone>
  <tph_contact_type>B</tph_contact_type>
  <tph_communication_type>L</tph_communication_type>
  <tph_number>45154710</tph_number>
</phone>
</phones>
  <email>fiu@politi.dk</email>
</reporting_person>
  <reason>Her gives en beskrivelse af mistanken.</reason>
<transaction>
  <transactionnumber>771122334455668899</transactionnumber>
  <transaction_description>Valutakøb</transaction_description>
  <date_transaction>2014-02-15T00:00:00</date_transaction>
  <transmode_code>F</transmode_code>
  <amount_local>54443.00</amount_local>
<t_from>
  <from_funds_code>K</from_funds_code>
<from_person>
  <gender>M</gender>
  <first_name>John</first_name>
  <last_name>Smith</last_name>
  <birthdate>1974-04-11T00:00:00</birthdate>
  <nationality1>US</nationality1>
<identification>
  <type>C</type>
  <number>FTZ3355779911</number>
  <expiry_date>2016-02-02T00:00:00</expiry_date>
  <issue_country>US</issue_country>
</identification>
</from_person>
  <from_country>DK</from_country>
</t_from>
<t_to>
  <to_funds_code>K</to_funds_code>
<to_foreign_currency>
  <foreign_currency_code>USD</foreign_currency_code>
  <foreign_amount>10000.00</foreign_amount>
  <foreign_exchange_rate>544.4300</foreign_exchange_rate>
</to_foreign_currency>
<to_person>
  <gender>M</gender>
  <first_name>John</first_name>
  <last_name>Smith</last_name>
  <birthdate>1974-04-11T00:00:00</birthdate>
  <nationality1>US</nationality1>
<identification>
  <type>C</type>
  <number>FTZ3355779911</number>
  <expiry_date>2016-02-02T00:00:00</expiry_date>
  <issue_country>US</issue_country>
</identification>
</to_person>
  <to_country>DK</to_country>
</t_to>
</transaction>
</report>
