﻿<?xml version="1.0" encoding="UTF-8" ?>
<!-- Filen illustrerer eksempel 12 i Element- og transaktionseksempler -->
<report>
  <rentity_id>1</rentity_id>
  <submission_code>E</submission_code>
  <report_code>STR</report_code>
  <entity_reference>Eksempel 12</entity_reference>
  <submission_date>2014-02-24T00:00:00</submission_date>
  <currency_code_local>DKK</currency_code_local>
<reporting_person>
  <first_name>Jens</first_name>
  <last_name>Jensen</last_name>
<phones>
<phone>
  <tph_contact_type>B</tph_contact_type>
  <tph_communication_type>L</tph_communication_type>
  <tph_number>45154710</tph_number>
</phone>
</phones>
  <email>fiu@politi.dk</email>
</reporting_person>
  <reason>Her gives en beskrivelse af mistanken.</reason>
<transaction>
  <transactionnumber>7788994455</transactionnumber>
  <date_transaction>2014-02-15T00:00:00</date_transaction>
  <transmode_code>H</transmode_code>
  <amount_local>54443.00</amount_local>
<t_from_my_client>
  <from_funds_code>K</from_funds_code>
<from_person>
  <gender>M</gender>
  <first_name>Peter</first_name>
  <last_name>Andersen</last_name>
  <birthdate>1980-08-18T00:00:00</birthdate>
  <ssn>1808802211</ssn>
<phones>
<phone>
  <tph_contact_type>A</tph_contact_type>
  <tph_communication_type>M</tph_communication_type>
  <tph_number>45112233</tph_number>
</phone>
</phones>
<addresses>
<address>
  <address_type>A</address_type>
  <address>Storegade 1</address>
  <city>Aarhus C</city>
  <zip>8000</zip>
  <country_code>DK</country_code>
</address>
</addresses>
</from_person>
  <from_country>DK</from_country>
</t_from_my_client>
<t_to_my_client>
  <to_funds_code>K</to_funds_code>
<to_foreign_currency>
  <foreign_currency_code>USD</foreign_currency_code>
  <foreign_amount>10000.00</foreign_amount>
  <foreign_exchange_rate>544.4300</foreign_exchange_rate>
</to_foreign_currency>
<to_person>
  <gender>M</gender>
  <first_name>John</first_name>
  <last_name>Smith</last_name>
  <birthdate>1974-04-11T00:00:00</birthdate>
  <nationality1>US</nationality1>
<addresses>
<address>
  <address_type>A</address_type>
  <address>1 Great Road</address>
  <city>Phoenix</city>
  <zip>4591584</zip>
  <country_code>US</country_code>
  <state>Arizona</state>
</address>
</addresses>
<identification>
  <type>C</type>
  <number>FTZ3355779911</number>
  <expiry_date>2016-02-02T00:00:00</expiry_date>
  <issue_country>US</issue_country>
</identification>
</to_person>
  <to_country>US</to_country>
</t_to_my_client>
</transaction>
</report>
