﻿<?xml version="1.0" encoding="UTF-8" ?>
<!-- Filen illustrerer eksempel 9 i Element- og transaktionseksempler -->
<report>
  <rentity_id>1</rentity_id>
  <submission_code>E</submission_code>
  <report_code>STR</report_code>
  <entity_reference>Eksempel 9</entity_reference>
  <submission_date>2014-02-24T00:00:00</submission_date>
  <currency_code_local>DKK</currency_code_local>
<reporting_person>
  <first_name>Jens</first_name>
  <last_name>Jensen</last_name>
<phones>
<phone>
  <tph_contact_type>B</tph_contact_type>
  <tph_communication_type>L</tph_communication_type>
  <tph_number>45154710</tph_number>
</phone>
</phones>
  <email>fiu@politi.dk</email>
</reporting_person>
  <reason>Her gives en beskrivelse af mistanken.</reason>
<transaction>
  <transactionnumber>441122335566778899</transactionnumber>
  <transaction_description>Salary December 2013</transaction_description>
  <date_transaction>2014-02-15T00:00:00</date_transaction>
  <transmode_code>H</transmode_code>
  <amount_local>54443.00</amount_local>
<t_from>
  <from_funds_code>A</from_funds_code>
<from_foreign_currency>
  <foreign_currency_code>USD</foreign_currency_code>
  <foreign_amount>10000.00</foreign_amount>
  <foreign_exchange_rate>544.4300</foreign_exchange_rate>
</from_foreign_currency>
<from_account>
  <institution_name>Bank US</institution_name>
  <swift>BAUSUSXX</swift>
  <branch>New York City Branch</branch>
  <account>US1549651896544864165486</account>
</from_account>
  <from_country>US</from_country>
</t_from>
<t_to_my_client>
  <to_funds_code>A</to_funds_code>
<to_account>
  <institution_name>ABC Bank</institution_name>
  <institution_code>5588</institution_code>
  <branch>Aarhus Afdelingen</branch>
  <account>1234567890</account>
  <currency_code>DKK</currency_code>
  <personal_account_type>B</personal_account_type>
<signatory>
<t_person>
  <gender>M</gender>
  <first_name>Peter</first_name>
  <last_name>Andersen</last_name>
  <birthdate>1980-08-18T00:00:00</birthdate>
  <ssn>1808802211</ssn>
<phones>
<phone>
  <tph_contact_type>A</tph_contact_type>
  <tph_communication_type>M</tph_communication_type>
  <tph_number>45112233</tph_number>
</phone>
</phones>
<addresses>
<address>
  <address_type>A</address_type>
  <address>Storegade 1</address>
  <city>Aarhus C</city>
  <zip>8000</zip>
  <country_code>DK</country_code>
</address>
</addresses>
</t_person>
  <role>A</role>
</signatory>
</to_account>
  <to_country>DK</to_country>
</t_to_my_client>
</transaction>
</report>
